_id,date,keyword,real_name,service,gender,text,sentiment_val
63e2297471027138bc75bd00,2/8/2023 0:30,6418,farrel.,twitter,male,kenapa semua avanza silver anjing banget nyetirnya kalo di jalan,negative
63f5920471027138bc194247,2/15/2023 20:18,7840,Gadget Corner,twitter,n/a,CNNIndonesia bukti kalau produk toyota itu ga ada mutunyalawan brio yang ga seberapa aja bisa ringsek ke gitu. mirip kasus boil vs tiang listrik,negative
63f265a571027138bc776eaf,2/15/2023 23:44,7818,axel_toyotabintaro,instagram,male,"KronologiAwalnya pengendara Fortuner melawan arah di kawasan Office , Senopati. Saat pengendara Fortuner tersebut melawan arah, terdapat pengendara Brio di jalan yang sama. Pengendara Brio tersebut memberikan peringatan dengan menyalakan lampu dim sebanyak empat kali. Hal ini membuat pengendara Fortuner emosi dan justru mengejar mobil Brio tersebut. Pengemudi Fortuner ini juga mengarahkan soft gun ke pengendara Brio.Tetap berhatihati dan patuhi peraturan lalu lintas ya teman Tunas Drive safetoyota toyotajakarta toyotadepok toyotabekasi toyotabogor toyotajakartaselatan toyotabintaro kredittoyota promotoyota tunastoyota toyotaindonesia belajarsamatoyota fortuner brio toyota",negative
63f2b68571027138bc9747c4,2/15/2023 13:30,7818,Liputan 6,news,,"Liputan.com, Jakarta Media sosial masih dihebohkan dengan aksi arogan dari pengemudi mobil Fortuner di jalanan. Pengemudi mobil tersebut melakukan aksi brutal terhadap pengemudi mobil Brio berwarna kuning.Dalam unggahan video yang beredar di Twitter, terlihat mobil Fortuner menabrak mobil Brio. Peristiwa yang terjadi pada malam hari, Minggu, Februari di kawasan Jakarta Selatan.BACA JUGA Perkembangan Terkini Kasus Pengendara Fortuner Tabrak Brio di Jaksel BACA JUGA Diplomat Jawab Kasus Viral Giorgio Ramadhan, Sopir Fortuner Arogan di Daftar Musuh Ukraina BACA JUGA Sopir Fortuner Giorgio Ramadhan yang Rusak Mobil Brio Dirujak WarganetPengemudi Fortuner tersebut kini sudah ditahan oleh pihak kepolisian dan menungg proses penyelidikan selanjutnya. Namun yang tak kalah ramai dibahas di media sosial adalah tingkat kerusakan Fortuner dan Brio.Baca JugaMomen Pangeran William dan Kate Middleton Siaran di Radio Bahas Kesehatan Mental Lirik Lagu Evaluasi Hindia Susul Kate Middleton dan Pangeran William, Meghan Markle dan Harry Pamer Potret Anyar Usai Pemakaman Ratu Elizabeth IIBanyak dari mereka merasa heran karena Fortuner ini terlihat mengalami kerusakan di bagian depan cukup parah dari Brio.Fortuner mengalami kerusakan pada bagian kap mesin yang terangkat dengan kondisi penyok dan bumper tampak nyaris lepas.Sementara Brio kuning yang sengaja dihantam oleh Fortuner terlihati hanya mengalami penyok pada sisi sebelah kanan. Tak ada kerusakan lain pada Brio kecuali efek pengrusakan yang menggunakan senjata semacam pedang pada sisi kaca dan kap mesin oleh pengemudi Fortuner bernama Giorgio Ramadhan tersebut.Kedua mobil tersebut sempat diperlihatkan polisi di Polres Jakarta Selatan dan fotofotonya banyak beredar di media sosial, termasuk di Twitter. Saat itu Fortuner dan Brio telah diamankan sebagai barang bukti.Banyak warganet menilai Fortuner ini mengalami kecelakaan usai meninggalkan lokasi pasca menabrak Brio dengan sengaja. Kayaknya abis nabrak Brio, terus nabrak tiang. Masa iya ada luka begitu di kap mesin abis nabrak Brio, tulis seorang warganet bernama Ridwan dalam cuitan di akun Twitternya, Selasa, Februari .Aksi koboi GR di Senopati, Jakarta Selatan membuatnya ditahan. GR yang mengendarai Fortuner menembak, memukul dan menabrak Brio kuning. Pada pemeriksaan awal, GR tak langsung ditahan dan dipulangkan. Fakta atau Hoaks Untuk mengetahui kebenaran informasi yang beredar, silakan WhatsApp ke nomor Cek Fakta Liputan.com  hanya dengan ketik kata kunci yang diinginkan. dari halamanaRidwan juga mempertanyakan sisi kerusakan Fortuner yaitu bagian kanan mengalami ringsek. Padahal dalam video yang beredar di media sosial memperlihatkan Fortuner ini menabrak Brio menggunakan sebagian sisi depan sebelah kiri.Sejumlah akun lain juga mempertanyakan sisi kerusakan mobil yang dinilai berbeda. Sisi kiri Fortuner yang menabrak, eh sisi kanan Fortuner bahkan sampai ke kapnya ikutan kusut ikut rusak , tulis akun hipohan.Karena ga tau dia nabrak apaan lagi.. brio penyok kanan, fortuner nabrak bagian kiri.. tapi yg dikasih liat ringsek sebelah kanan Klo crumpled zone sih bukan yg beginian, biasa tabrakan lebih keras lagi baru dia crumpled terus steering column patah kebawah., cuit akun LiongkyTan.Sementara itu, tim kuasa hukum pengendara Fortuner Hitam, Revi Laracaka, menyebut kliennya, Giorgio Ramadhan atau GR sudah kooperatif terhadap proses hukum di Polres Jakarta Selatan Polres Jaksel.Klien kami sejak Minggu Febuari , sudah koperatif datang ke Polres Jakarta Selatan. Ketika mendapatkan informasi dari Twitter pengendara Brio AW, menuju Polres Jakarta Selatan untuk membuat Laporan Polisi, ujar Revi dalam keterangannya, Senin Februari .Advertisement dari halamanaPolisi pun menetapkan Giorgio Ramadhan sebagai tersangka. Giorgio juga langsung ditahan di Mapolres Metro Jakarta Selatan mulai Senin malam Februari .Giorgio Ramadhan dijerat dengan Pasal KUHP terkait perusakan dan Pasal KUHP tentang ancaman kekerasan.Berdasarkan penerapan kedua pasal ini, dengan didasari dua alat bukti kemudian melakukan penahanan tersangka GR untuk selanjutnya proses tahap penyelidikan lebih lanjut, ucap Kapolres Metro Jakarta Selatan Kombes Ade Ary Syam Indradi di kantornya, Senin Februari , melansir kanal News Liputan.com.Ade Ary memastikan Giorgio tidak dalam pengaruh minuman alkohol saat terlibat keributan dengan pengendara mobil Brio. Kepada penyidik, GR mengungkap motif perusakan karena tersulut emosi semata. Mereka berdua sebelumnya memang terlibat selisih paham di jalanan.Berdasarkan keterangan tersangka, ini kami sudah dengar juga karena emosi, selisih paham di jalan tadi, kata Ade Ary.Polisi sudah menyita barang bukti berupa airsoft gun mainan dan pedang anggar dari tangan Pengemudi Toyota Fortuner, GR. Asalusulnya kini sedang ditelusuri.Ade Ary Syam menerangkan, telah memeriksa GR atas kasus perusakan mobil. Kepada penyidik, tersangka mengaku membeli airsoft gun mainan via online.Ade Ary mengatakan, GR turut memberikan bukti pembelian airsoft gun mainan kepada penyidik. dari halamanaBerdasarkan hasil keterangan GR Kalau ini pistol dibeli dari toko online tanggal Desember, dan dia menunjukkan bon pembelian harganya Rp sekian ribu, ungkap Ade Ary dalam keterangannya, Selasa . Sedangkan, pedang anggar didapat dari temannya. GR saat itu menitip kepada temannya yang berada di luar negeri.Menurut Ade Ary, barangbarang yang diamankan pasti diteliti lebih lanjut. Pihaknya akan memeriksa secara laboratoris, baik senjata airsoftgun mainan maupun pedang anggar.Tetep kami dalami, barang bukti yang kami amankan ini, ujar dia.Di sisi lain, pengacara GR tetap mengupayakan agar kliennya dapat menempuh jalur damai dengan korbannya. Iya ingin tempuh jalur restorative justice, ujar pengacara Giorgio Ramadhan, Arif Fadillah, Jakarta, Selasa .Menurut dia, kliennya telah menunjukkan sikap kooperatif. Giorgio sudah meminta maaf kepada korban pada saat pemeriksaan pertama di Polres Jakarta Selatan, pada Minggu Februari lalu. Kita mendorong untuk segi terlapor bersikap kooperatif, kata Arif. BACA BERITA TERKINI LAINNYA DI GOOGLE NEWSBunga Plum yang Bermekaran Warnai Nanjing ChinaAdvertisement",negative
63f593ab71027138bc1f78b6,2/15/2023 16:08,7840,CNNindonesia,news,,"Netizen gelenggeleng melihat kondisi Toyota Fortuner yang dikemudikan Giorgio Ramadhan usai insiden dengan Honda Brio. Dalam video viral di media sosial terlihat sisi kiri bumper depan Fortuner yang menabrak tetapi saat kondisi mobil diperlihatkan kepolisian bagian kanan yang ringsek parah.Fortuner itu tampak rusak di bagian kap mesin yang terangkat dan ada sejumlah penyok, lalu terlihat juga bagian grill berubah posisi dan bumper nyaris lepas. Sebagian besar kerusakan ini dominan di area depan sebelah kanan.Sementara itu Brio warna kuning yang diseruduk mengalami penyok di area kanan bodi. Kerusakan juga tampak akibat pengerusakan menggunakan pedang yang dilakukan Giorgio pada kaca depan dan kap mesin.Kondisi kedua mobil setelah insiden sudah diperlihatkan kepolisian di Polres Jakarta Selatan sebagai barang bukti.Salah satu netizen di Twitter mengungkap kondisi kerusakan Fortuner mengherankan, dia berasumsi lukanya seperti habis menabrak tiang.GambasTwitterNetizen lain juga mempertanyakan kerusakan Fortuner yang dinilai beda sisi.Giorgio sudah ditetapkan sebagai tersangka dalam kasus ini. Senjata yang digunakan saat pengerusakan disebut polisi mainan yang dibeli secara online.Status Fortuner yang digunakan Giorgio dengan pelat nomor B SJD diblokir oleh kepolisian karena pernah melanggar aturan dan terekam ETLE. Mobil ini merupakan varian . Diesel VRZ X dengan nilai jual Rp juta.",negative
63ed108d71027138bcf4cd00,2/16/2023 4:00,3674,kumparan,youtube,n/a,"Toyota Fortuner Lebih Ringsek Lawan Honda Brio, Kok Bisa Usai aksi perusakan mobil Honda Brio di Senopati, Jakarta Selatan, Toyota Fortuner mengalami kerusakan yang lebih parah dibandingkan dengan Honda Brio. Timbul pertanyaan soal kondisi dari mobil Toyota Fortuner yang lebih ringsek dibandingkan kondisi mobil Honda Brio happening update otomotif shortsnewsHomepage httpskumparan.comTwitter httpstwitter.comkumparanFacebook httpswww.facebook.comkumparancomInstagram httpswww.instagram.comkumparancom",negative
6558e9c47be0446d938b554e,2/15/2023 15:03,8790,ayoc,twitter,n/a,"Wkwkw iyaa juga.. jadi keinget mobilku Grand Livina, nabrak Toyota Sienta, mobilku cuma penyok dibagian plat nya doang, sienta nya hancuurr",negative
63ecc78f71027138bc9f722a,2/16/2023 1:44,5837,ahmad kadafi,twitter,male,"CNNIndonesia Kayanya fortuner ini lahan untuk sandiwara, dulu nabrak tiang listrik, skr ini, hahaha",negative
6558e9ee7be0446d938c07f4,2/15/2023 5:06,8790,harjanto mas3,twitter,male,CNNIndonesia wakakakaka....mobil mahal koyo kerupuk...tolong pihak TOYOTA turun investigasi ada yg aneh dng penyoknya,negative
63ed02cd71027138bcb1cd00,2/16/2023 6:04,5837,F A M,twitter,n/a,"detikcom TAMPANGNYA DONGON GITU PADAHAL YG NAIK FORTUNER, TAMPANG DONGO KELAKUAN GOBLOK",negative
6558e9ee7be0446d938c082c,2/15/2023 0:54,8790,@CucuJibril_,twitter,n/a,"imanlagi ToyotaID hla kan yg nabrak depan kiri kok yg penyok kanan , gemoybkeknya toyota ini hahahaha mobil plastik",negative
63eced7b71027138bc563abc,2/16/2023 4:28,5837,Tes,twitter,female,"imanlagi ToyotaID Kurang totalitas nih bikin nya . Di video Fortuner nabrak pake sisi kiri, yang blangsak malah sebelah kanan. Terus keliatan kalo sengaja banget dirusak, yakali nabrak lampu nya ngga pecah masih utuh gitu. Kya bekas di congkel tuh mobil ",negative
6558e9f87be0446d938c3e14,2/14/2023 21:19,8790,Manusia Amatir,twitter,n/a,imanlagi ToyotaID Lah iya. Toyota yang mobil mahalnya aja jelek lawan brio. Apalagi yang mobil sejelas brionya toyota,negative
6558e9f87be0446d938c3d99,2/14/2023 21:14,8790,Mas Wall-e,twitter,male,imanlagi ToyotaID Tapi pernah juga Toyota Kijang nabrak Honda Supra Fit. Hondanya sampe bengkok....,negative
6558e9f87be0446d938c3e1f,2/14/2023 23:09,8790,nan,twitter,male,imanlagi ToyotaID Toyota kalah,negative
6558e9f87be0446d938c3e5c,2/14/2023 23:58,8790,Adityo R Dimas,twitter,male,imanlagi ToyotaID Toyota Kalah Dong Sama Honda.,negative
6558e9ee7be0446d938c0866,2/15/2023 1:13,8790,Azizah Nur,twitter,female,imanlagi ToyotaID Toyota kaleng kaleng ,negative
6558e9ee7be0446d938c094c,2/15/2023 5:38,8790,doektoer boedong,twitter,n/a,imanlagi ToyotaID Toyota oh toyota. Lebih kuat kaleng khong guan kayak nya,negative
6558e9ee7be0446d938c0955,2/15/2023 2:47,8790,???? adik,twitter,male,"imanlagi ToyotaID waaah bikin Toyota Fortuner kalah dari Honda Brio yg sekutil, auto laku nih Honda, fortuner body kaleng gitu sih wkwkwk",negative
63ecceab71027138bcc3d219,2/16/2023 2:21,5837,Pantura Terkini,twitter,n/a,"Viral Mobil Brio Ditabrak Fortuner Gegara Emosi di Jalan, Berikut Kiat Menghindari Emosi Saat Gunakan Lalu Lintashttpst.comTkHOPPYm",negative
63ec95a671027138bc813f0b,2/15/2023 15:47,709,Tribun Jateng,youtube,n/a,"Aneh, Tabrak Brio Fortuner Ringsek Parah, Mobil Korban Cuma Penyok Klik Subscribe dan nyalakan notifikasi agar mendapatkan update news video terbaruMobil Toyota Fortuner milik Giorgio Ramadhan atau GR pengemudi Fortuner arogan di Senopati, Kebayoran baru, Jakarta Selatan dalam kondisi ringsek.Sementara, kondisi berbeda terlihat dari mobil Honda Brio milik korban yang hanya terlihat penyok sedikit pada bagian kanan mobil.Kerusakan mobil yang disebabkan karena menabrakkan diri ke body mobil Honda Brio itu terlihat ketika pihak Kepolisian menunjukkan barang bukti kasus pengerusakan di Mapolres Metro Jakarta Selatan.BrioKuning Fortuner taksionline",negative
63ec951b71027138bc7b2d30,2/15/2023 20:31,3674,Guo Ji Ri Bao,youtube,n/a,"Tak Kuat Menanjak Truk Terguling lalu Timpa Alphard di Jagakarsa Satu unit mobil Toyota Alphard ringsek tertimpa truk bermuatan batu di Jalan Sagu, Jagakarsa, Jakarta Selatan, pada Selasa kemarin.Memperlihatkan bagian depan mobil Toyota Alphard rusak parah akibat tertimpa truk. Kaca mobil pecah akibat tertimpa badan truk dan muatan batu. Sementara itu, posisi truk terguling dan melintang di Jalan Sagu.Sopir truk bernama Jodi mengatakan, truknya membawa batu untuk bahan pengerjaan proyek dari arah Rumpin, Bogor, menuju wilayah Kebagusan, Jakarta Selatan.Ia mengaku tak tahu ada jalan menanjak yang harus dilaluinya. Jodi mengatakan, dirinya mengandalkan Google Maps untuk menuju Kebagusan.Namun naas truk tak kuat menanjak dan akhirnya terguling dan menimpah mobil alphard dibelakang truk tersebut.atas dari kejadian tersebut tidak ada korban jiwa dan arus lalulintas terputus sementara pada saat itu. terang_media ytinews Update berita terkini, follow Facebook guojiribao.indonesiaInstagram guojiribaoindonesia.officialYouTube Guojiribaowww.guojiribao.comBeritaterkini beritaviral kabarterkini explore news guojiribao infoterupdate update infoterkini viralvideo Indonesia sekilasinfo sekitarkita netnetnews viral videoviral bantushare beritaterbaru beritaindonesia informasi info alphard kecelakaan",negative
63ec945a71027138bc7328ba,2/15/2023 17:23,5837,UDO21,youtube,male,"Tampang Culun Pengemudi Fortuner Arogan Diduga Buronan Ukraina Cek Faktanya... Tampang Culun Pengemudi Fortuner Arogan Diduga Buronan Ukraina Cek Faktanya...senopati mobil, brio, fortuner, berantem, polisi, taksi online, ditabrak, jalanan, anak jaksel, polres jaksel, news, jaksel, fortuner rusak mobil, fortuner senopati, fortuner tabrak senopati, video fortuner senopati, fortuner samurai, viral fortuner barbar, Fortuner Hancurkan Brio, fortuner gengster, fortuner vs brio,Thanks For WatchingDont Forget ToSubscribeLikeCommentShareCommunity httpsyoutube.comUDOLink www.youtube.comcUdohttpsinstagram.comudo_youtubeigshidZDdkNTZiNTMMusik Nocopyrightyoutube Ltdudo",negative
6558e94d7be0446d9389155d,2/4/2023 3:02,8790,Braverian,twitter,n/a,"detikcom Halooo, tukang cat mobil yaaa, ...ngecat Toyota camry berapa duit, setengah body, body depan ancur... Yg paling cepet kering yaaa... Jangan mahal mahal",negative
63f2481171027138bcf2f06a,2/12/2023 3:55,7818,Tribun Pekanbaru Official,youtube,n/a,"Detikdetik Singa Tabrak Mobil Pengunjung Hingga Penyok di Taman Safari Prigen Sebuah video dua ekor singa berkelahi di Taman Safari Prigen, Kabupaten Pasuruan, Jawa Timur, Viral di media sosial.Dalam video terlihat kedua singa saling kejarkejaran. Salah satunya terekam menabrak bodi kiri belakang Toyota berwarna merah yang tengah berhenti menunggu antrean kendaraan.Kerasnya benturan sampai membuat mobil tersebut bergoyang. Panel kiri belakang mobil itu terlihat penyok serta lampu belakang pecah akibat terbentur.Video perkelahian dua ekor singa itu diabadikan oleh pengunjung taman.Pada video itu tampak suasana Taman Safari yang ramai dengan pengunjung. Selain mobil pengunjung, terlihat juga mobil petugas Taman Safari Prigen yang standby di wahana Singa.Mobil Petugas tersebut mengawasi ekor singa berkelahi. Awalnya kedua singa itu berkelahi di area pepohonan yang tidak dilintasi pengunjung.Namun saat salah satu singa itu mulai menyerang, satu singa lainnya kemudian berlari dari area pepohonan menuju jalan.Lari singa itu tampang kencang hingga akhirnya menabrak sisi belakang salah satu mobil pengunjung. Tak berhenti disana, lantaran jalan singa tersebut sudah terhalang mobil, singa yang tadinya mengejar kembali menyerang singa yang menabrak mobil tersebut.Alhasil, kedua singa itu berkelahi di tengah jalan tepatnya di sisi mobil yang baru saja ditabrak itu.Akibatnya, mobil pengunjung berwarna merah plat AG tersebut mengalami kerusakan. Tampak body belakang mobil itu penyok.Tak hanya itu, lampu sein mobil sebelah kiri juga pecah hingga pecahannya berjatuhan di jalanan.TRIBUNPEKANBARU.COM httpspekanbaru.tribunnews.comEditor Didik",negative
6558cb477be0446d93f3a74f,2/3/2023 18:53,9463,Transonlinewach TV,twitter,n/a,"Kasus Mahasiswa UI Ditabrak Mitsubishi Pajero, Ojol yang Telepon AmbulansSeorang ojek online ojol, Agus yang merupakan saksi dari kasus mahasiswa Universitas Indonesia UI, M Hasya Attalah Syahputra ditabrak mobil Mitsubishi Pajero yang dikendarai pensiunan Polri, httpst.cooOwoaZrFpG",negative
63ec66aa71027138bca57abe,2/15/2023 18:53,6418,detik jatim,twitter,male,Kebakaran itu bermula saat Avanza bernopol N YV milik Suaji warga Senduro sedang mengisi BBM di SPBU tempat kejadian kebakaran. Setelah mengisi BBM mobil itu hendak keluar dari area SPBU. Simak selengkapnya di sini. httpst.coPmHrwRwf,negative
63e7cab171027138bcff5773,2/12/2023 3:00,3674,RAUDHOTUL HIKMAH TV CHANNEL,youtube,female,KH. ZAINUDDIN MZ. MOBIL MERCY DIPERBAIKI PAKAI PETUNJUK TOYOTA MAKA AKAN SEMAKIN RUSAK manusia jika ingin baik harus mengikuti petunjuk penciptanya,negative
63e7cd7271027138bc0ec71f,2/12/2023 3:51,5839,handika han,youtube,male,Suara Mesin pincang Coil lemah bocor atau busi lemah Suzuki Ertiga ,negative
63e7ca6a71027138bcfdaa62,2/12/2023 4:14,7478,CAKAT RAYA,youtube,female,SUASANA PADAT MOBIL TRUK BESAR BERJALAN MERAYAP DI TANJAKAN CAKAT RAYA LINTAS SUMATERA Tanjakan CakatCakatTruk KontainerTruk TrailerTruk CanterTruk QuesterTruk MolenTruk TrontonTruk FusoTruk BoxTrontonKENDARAAN MOBIL TRUK CANTERFUSO CANTER TRUKMITSUBISHI CANTER TRUCKMOBIL TRUK FUSO HINOMOBIL TRUK BOXMITSUBISHI TRUK FUSO VS TRUK HINOTRUK DUMP TRUKTRUKTRUK MITSUBISHITRUKTRUK TRONTONMOBIL TRUK BESARKENDARAAN MITSUBISHI VIDEO TRUK TRUK OLENGBUS OLENGTRUK OLENGMUATAN EXCAVATORMUATAN PASIRMUATAN BATU SPLITTRUCK PASIRMOBIL HINOMOBIL BESARMOBIL MITSUBISHIMOBIL VOLVOMOBIL NISSAN DIESELLintas SumateraBus Antar LintasBus PariwisataBus Antar Lintas SumatraBus BesarBus LintasBus Tercepat Bus MalamBus Kecepatan Tinggitanjakan cakat tulang bawangtruk fuso olengLintas Sumaterafuso fightertruk lintas sumaterafusoMobil Antar LintasMobil Bus MalamAntar Lintas SumatraJalan TanjakanTanjakanTurunanjalan lintastruk fusotruk jogetcakat raya tulang bawangmobil boxbus olengcanter trontonmitsubishi canterCakat RayaTruk TrontonMobil DerekTruk OlengTruk SingkongTruk TebuMobil FusoTruck olengmobil truck dan Fuso olengtruk lintas sumaterafusojalan lintastruk fuso truk joget cakat raya tulang bawangmobil box bus oleng canter tronton fuso olengmitsubishi canter truk goyang canter dump truck fuso canter fuso dump truckmobil besar mobil mixer mobil olengoleng mobil sawit mobil truk truk tebu mobil truk Fuso tronton Mitsubishi Fuso dump truckmobil Mitsubishi fusotronton truk Mitsubishi box mobil truk Fuso fighterkendaraan Mitsubishi fightermobil Mitsubishi fighter kendaraan mobil truk canterfuso canter trukmitsubishi canter truck mitsubishi canter trukmitsubishi canter truk mobil Fuso truck oleng mobil Fuso truckmobil fusotronton trukolengmobilbusmobilminibusmobiltrukmobilboxmobilsedanmobilkijangmobilavansamobilalvatmobiltoyotamobilmitsubishimobilmazdamobilambulancemobilpemadamkebakaranmobilpolisimobilolengmobilelegends mobilegame mobileringtone mobilkuno mobilmasakini mobilterbakar mobilegamesmobilananakanak mobilmobilan mobilolengmobilan mobilmainanmobilmazdaexcavator,negative
63ec91b171027138bc66ad32,2/15/2023 21:27,6419,hujat_mobil_,instagram,female,"Yaaa ngga apa kalah fitur dan kalah build quality, daripada udah beli mahal eh ternyata dapet nya LMPV CC hahahahhaah. Yaa emang zenix jt an tapi arm rest ngondoy dll tapi at least dapet MPV cc hp lah ya yang Gasoline. Denger zenix juga udah ada diskon tuh wkwkwk,soal diskon nya DM aja wanta_toyota.id atau no wa yang tertera. Diskon nya bisa puluhan tuh wkwkwkwkwhmmiyasihinnova innovazenix build quality nyahancurmobiljutanggaadafoglamptapiatleastdiampvbeneranlahyanggalmpvjutahahahahahahahahahahahahahahahahahahahahahahahahahahahahahahahahahahahaha innova",negative
63f593cc71027138bc200897,2/11/2023 20:38,7840,Tribun Lampung,news,,"YF jadi korban pencurian saat memarkirkan mobilnya di Kafe English di Jalan Sukardi Hamdani Palapa V C, Kelurahan Labuhan Ratu, Kecamatan Labuhan Ratu, Kota Bandar Lampung.Korban pecah kaca mahasiswa semester VI Itera itu menggunakan mobil Toyota Innova hitam berpelat BE YF yang diparkirkan di samping kafe.Korban pecah kaca YF mengatakan, ia bersama rekan satu kampus sedang asik mengerjakan tugas kuliah di kafe tersebut.Saat kami sedang asik mengerjakan tugas di dalam kafe dan saya kaget pas mau pulang kok kaca belakang sebelah kanan sudah pecah, ujarnya, Jumat malam.Awalnya saya kira lupa menutup kaca mobil karena sebelum kejadian sempat hujan, tapi pas saya mau pulang pukul . WIB saya lihat kok malah berantakan kaca mobil saya, katanya lagi.Korban sadar sudah menjadi korban pecah kaca.Baca juga Jadi Korban Pencurian Pecah Kaca Mobil, Barbie Kumalasari Kehilangan Tas MewahBaca juga Sopir ke Kamar Mandi, Pencuri Modus Pecah Kaca Mobil di Lampung Selatan BeraksiSaya itu bersama teman satu kampus ada yang dibicarakan atau kordinasi di kafe itu terkait berangkat ke lapangan untuk proses pengukuran tugas kuliah, katanya.Ia mengatakan, kafe tersebut merupakan basecamp yang seringkali digunakan untuk berkordinasi dengan teman mahasiswa lainnya.Adapun pelaku pecah kaca diduga ada dua orang.Pelaku dua orang tersebut terpantau camera CCTV di areal sekitar dengan mengendarai motor.Pelaku telah menggasak laptop, suratsurat berharga, seperti ATM dan uang tunai Rp , Juta dari dalam mobil, kata mahasiswa asal Pulau Panggung, Kabupaten Tanggamus ini.Ia mengatakan, pelaku untungnya tidak mengambil drone yang ditaruh bagian kursi mobil bagian belakang.",negative
63ec4b3b71027138bc2b7bc9,2/15/2023 16:31,5141,,blogs,,"AC mobil Hyundai Creta rusak padahal baru satu bulan tiba dari dealer. Komponen indent, pemasangan butuh tiga hari. Baca Selengkapnya. Penyebab AC",negative
63ec4ac171027138bc291ce6,2/15/2023 10:45,709,,blogs,,"Akibatnya mobil truk yang hendak menanjak malahan merosot, serta menimpa Toyota Alphard dengan posisi di belakangnya. Posisinya melintang di tengah",negative
63ec641071027138bc99bd6c,2/15/2023 18:47,5837,T. Lumbantoruan,twitter,male,"imanlagi ToyotaID Di video, fortuner nabrak dan dorong brio dgn depan sudut kiri, kenapa yg bonyok sudut kanan Nabrak magic nih ",negative
6558e9b27be0446d938af750,2/16/2023 3:22,8790,Dany Irjayanto,twitter,male,"PartaiSocmed tim marketing Honda harus ambil momentum ini untuk semakin mempromosikan kekuatan produknya yg nyata jauh lebih kuat dari produk Toyota, meskipun masih di kelas mobil LCGC Go Honda ",positive
6559bd6e7be0446d93ccff8b,2/16/2023 0:35,1352,mazda sianturi,twitter,female,Pratama cocok emang nih sama pengusaha pake Wuling Formo Max,positive
6559bd6e7be0446d93ccfef9,2/16/2023 0:36,1352,Niko kennardi,twitter,male,Pratama mantap nih dari Wuling Formo Max,positive
6559bd747be0446d93cd2d36,2/16/2023 0:35,1352,mazda sianturi,twitter,female,Pratama wah keren ya Wuling Formo Max,positive
640ac1f607c033a038ddd589,2/15/2023 21:23,7906,saleshyundai_jkt,instagram,n/a,Puji Tuhan pengiriman unit Hyundai Stargazer Prime seats berjalan lancar diterima Ibu. P beserta Keluarga Terima kasih Ibu.P beserta Keluarga sudah begitu percayakan pembelian mobil Hyundai nya kepada Merrick Tuhan berkati berlipat ganda kehidupan bapak dan keluarga MPV Bintang Baru Keluarga Hyundai Stargazer Perkenalkan saya Merrick Zaini dari showroom S Hyundai Motor Indonesia Pegangsaan. Bapak Ibu bisa menghubungi saya jika ada keperluan dan kebutuhan untuk Test Drive Pergantian Kendaraan Merk Hyundai. Kami melayani kebutuhan Pribadi maupun kebutuhan Korporasi Direksi Perusahaan Pengadaan.Mengapa Hyundai Motor Indonesia Pegangsaan Trade In Ready DP Cicilan Ringan Garansi Maintenance Tahun Garansi Sparepart Tahun Asuransi Jiwa Perjalanan Sampai Dengan Juta RupiahLayanan Antar Jemput Service Gratis Range Jarak KM dari ShowroomFitur Blue Link adalah Fitur Akses dan Monitoring Tracking GPS Sangat cocok untuk mobil Rental PerusahaanGaransi Buyback pada Tahun KetigaUntuk info lebih lanjut mengenai produk dan kebutuhan test drive bisa hubungi Merrick di nomor atau akun Instagram saleshyundai_jkt hyundaistargazer hyundaiindonesia hyundai saleshyundai jakarta kelapagading stargazer bintangbarumpv bintangbarukeluarga spotlightinmotion hyundaicreta creta prime hyundaicretaprime bintangbarukeluarga,positive
640aaf1a07c033a03877a406,2/16/2023 5:23,7905,Satyo13,twitter,male,"ridwanhr hyundai matrix masih sy anggep ganteng, krn punyanya cuma itu doank si ",positive
65157e0aca55f77d06af651c,2/15/2023 20:18,9307,akbar_nissanjakarta,instagram,male,"Salah satu mobil listrik terlaris di dunia ini hadir semakin futuristik.Yap, daripada nunggu Indent yang lain kelamaan mending beli Nissan Leaf yang sekarang jadi makin keren dengan fiturfitur terbarunya. Yang paling menarik antara lain adalah mode berkendara epedal, jadi Nissan Lovers bisa ngegas dan ngerem cuma pakai satu pedal aja.Harganya juga bersaing banget, Hanya tan.Gimana Nissan Lovers,tertarik punyaMore Info Akbar WASenior sales executive Nissan TB Simatupang.nissan nissanindonesia nissanjakarta nissanleaf mobillistrik nissanleaf",positive
655433f07be0446d93ac496c,2/15/2023 18:51,8790,Toyota Yaris Club Indonesia,instagram,male,"Segenap Pengurus dan Member Toyota Yaris Club Indonesia mengucapkan,Selamat bertambah Usia Tante Febi Rosseva TYCI Ketua Umum Toyota Yaris Club Indonesia Periode .Semoga senantiasa dalam Lindungan dan KasihNya.Menjadi pribadi yang lebih baik.Senantiasa bahagia dan sukses.AaamiinSalam Hangat,Regi Ezra Putra TYCIKetua Umum Toyota Yaris Club Indonesia AMAZING WITH TOYOTA YARIS CLUB INDONESIAHAPPINESS FOR EVERYONE. toyotaisfun toyotaadauntukandatoyotabikintenang toyotayarisclubindonesiatoyotaownerclubmemberoftocallyarisarebrotherstoyotaprevilageletsgobeyondbegroovyproudtobetycitycipeduliSTYCIyourjourneyourpassion bridgestonextycibridgestone AlwaysDriveSafelycumatoyotayangbisaitstimefornewjourneyexcitementenergyitstimeforeveryonebridgestone.idtoyotafactstoyota.id itstimeforeveryone",positive
6558cb667be0446d93f477a8,2/15/2023 20:47,9457,ariyanto,twitter,male,"SuzukiIndonesia Suzuki kapan niy bikin Sedan yg keren, MPV kelas atas amp SUV yg gagah perkasa kayak merek sebelah",positive
640b043f07c033a038791658,2/15/2023 19:48,7906,TEMPO.CO,news,,"TEMPO.CO, Jakarta PT Hyundai Motors Indonesia HMID akan membawa unit mobil display untuk dipamerkan di Indonesia International Motor Show IIMS di JIExpo, Kemayoran, Jakarta, Februari . Ke mobil itu adalah Creta, Stargazer, Staria, Santa Fe, Palisade, dan Ioniq .Selain unit display, Hyundai akan menyediakan mobil yang dapat dicoba oleh pengunjung di area test drive IIMS . Adapun unit yang dapat dicoba sama seperti yang dipamerkan di booth Hyundai. Produsen asal Korea Selatan ini akan memperkenalkan konsep sustainability untuk booth yang digunakan di IIMS dengan penekanan pada gaya hidup ramah lingkungan. Booth yang berlokasi di Hall D ini diklaim persen menggunakan bahan baku dari sisasisa bahan yang tidak terpakai dari pabrik Hyundai di Cikarang.Baca JugaDibuka Besok, IIMS Targetkan Ribu Pengunjung dan Transaksi Rp , TriliunHyundai juga menawarkan cek keadaan mobil secara gratis di Hyundai Service Point selama pameran berlangsung. Adapun service yang bisa dinikmati pengunjung antara lain multi inspection, cuci premium watrless, interior vacum, foggin disinfectant, dan sebagainya. Hyundai juga memiliki area test drive eksklusif dengan luas hingga meter persegi yang dikhususkan untuk merek ini.XMenurut jadwal, pameran otomitif IIMS akan dibuka oleh Presiden RI Joko Widodo pada pukul . WIB. Kemudian, Jokowi akan mengunjungi boothbooth peserta untuk melihat kendaraan bermotor yang akan dipamerkan.Pilihan Editor Yadea Pamerkan Motor dan Sepeda Listrik di IIMS Baca JugaPresiden Jokowi Dijadwalkan Membuka Pameran IIMS Ingin berdiskusi dengan redaksi mengenai artikel di atas Mari bergabung di grup Telegram GoOto",positive
640ac99207c033a038055628,2/16/2023 3:45,7906,hyundaimajutegalofficial,instagram,n/a,Terimakasih kepada Bapak Imam Khusni Mubarok telah mempercayakan kebutuhan pembelian unit kendaraan Stargazernya kepada kami.Test Drive sekarang dan rasakan kenyamanan berkendara dengan mobil Hyundai bersama kami PT. Mitra Maju Mobilindo Hyundai Tegal. Autorized Dealer Resmi HyundaiInformasi lebih lanjut Hubungi WA   T   hyundaicreta hyundai cars followforfollowback stargazer santafe palisade hyundaitegal infotegal pekalonganinfo pemalang brebes stargazer,positive
640ac99207c033a03805565c,2/16/2023 3:54,7906,hyundaimajutegalofficial,instagram,n/a,Terimakasih kepada Ibu Lisa Mariana telah mempercayakan kebutuhan pembelian unit kendaraan Stargazernya kepada kami.Test Drive sekarang dan rasakan kenyamanan berkendara dengan mobil Hyundai bersama kami PT. Mitra Maju Mobilindo Hyundai Tegal.Authorized Dealer HyundaiInformasi lebih lanjut Hubungi WA   T  hyundaicreta hyundai cars followforfollowback stargazer santafe palisade hyundaitegal infotegal pekalonganinfo pemalang brebes stargazer,positive
640ac1f607c033a038ddd572,2/16/2023 3:15,7906,my_mayasarii,instagram,n/a,Terimakasih sudah mempercayakan pembelian unit hyundai Stargazer kepada kami Sukses selalu keluarga Bapak Dadang Informasi PemesananHubungiMayasariSales Counterreelsinstagram hyundaistargazer hyundai mobilviral delivery allpraiseistoallah bahagiaitusederhana berkah iloveislam komunitasbisnis sukabumi sumabumiinfo hyundaistargazer,positive
6558e9c47be0446d938b5583,2/15/2023 17:40,8790,mughny,twitter,female,"Ternyata pada fakta di lapangan, honda brio itu lebih kokoh daripada toyota fortuner ya. Apalagi honda brio warna kuning sangat kokoh sekali. Good job untuk desainnya Honda ",positive
640aaf1e07c033a03877bbbb,2/16/2023 1:58,7905,pindainews,twitter,n/a,"Terus Berinovasi, Hyundai Kembangkan Sistem Futuristik httpst.coRvQzFQMv",positive
640b059c07c033a03880d3b3,2/16/2023 1:24,7906,Grosir Mobil,youtube,n/a,"Test Drive Hyundai Stargazer Prime IVT Smartsense Beneran Berfungsi Desainnya sebanding dengan kenyamannya ga sihApalagi Stargazer ini cocok jadi mobil keluarga yang kaya fiturDari sisi keselamatan dan keamannya, mobil ini canggih lho Sobat GmobUntuk test drive lengkapnya bisa kalian tonton di YouTube Grosir Mobil yagrosirmobil mokas mokasberkualitas mokasjabodetabek beritaotomotif otomotifindonesia otomotif hyundai hyundaiofficial hyundaiindonesia reviewhyndai jualhyundai mobilhyundai hyundaistargazer jualmobil jualmobilbekas mobilbekas tipsmobil trikmobil reviewmobil reviewotomotif otomotif otomotifmobil stargazer stargazerindonesia reviewstargazer stargazer stargazer stargazerclub jualstargazer stargazerofficial",positive
6558e9b27be0446d938af712,2/15/2023 22:17,8790,detikoto,twitter,n/a,Toyota Grand Highlander resmi meluncur di pasar Amerika Serikat. Hal yang paling menarik adalah Grand Highlander mengadopsi grille berbentuk heksagonal seperti yang diaplikasikan di LMPV Toyota Avanza. httpst.coKWXlmuflS,positive
640b043a07c033a03878fa79,2/15/2023 20:49,7905,SINDOnews.com,news,,"WASHINGTON Hyundai dan Kia meluncurkan perangkat lunak software untuk menekan kasus pencurian mobil. Dalam dua tahun terakhir, Hyundai dan Kia cukup dibikin pusing dengan kasus pencurian mobil yang berbuntut pada tuntutan hukum class action.Administrasi Lalu Lintas dan Keselamatan Jalan Raya Nasional NHTSA mengatakan bahwa Hyundai dan Kia telah mengembangkan perangkat lunak pencegah pencurian untuk lebih dari juta kendaraannya yang tidak memiliki sistem immobilizer. Perangkat lunak ini akan diberikan secara gratis kepada pemilik kendaraan.Perangkat lunak ini akan tersedia untuk sekitar , juta kendaraan Hyundai dan , juta kendaraan Kia, menurut keterangan NHTSA dikutip dari laman techcrunch, Rabu .Baca juga Hasil Survei Mobil dengan Keyless Rawan PencurianPerangkat lunak ini membuat dua perubahan penting pada kendaraan Kia dan Hyundai. Perangkat lunak ini membuat alarm pencurian memperpanjang suara alarm dari detik menjadi satu menit.Selain itu, memerlukan kunci untuk berada di sakelar pengapian untuk menghidupkan kendaraan. Hyundai juga mengirimkan stiker jendela kepada pelanggan berisi peringatan kepada pencuri bahwa kendaraan tersebut dilengkapi dengan perlindungan antipencurian.Kia, yang berada di bawah perusahaan induk yang sama, juga meluncurkan pembaruan perangkat lunak gratisnya, mulai akhir bulan ini. Pembuat mobil juga telah memasok lebih dari . kunci roda kemudi sejak November kepada lembaga penegak hukum di negara bagian.Diketahui ribuan kendaraan Hyundai dan Kia dengan kunci fisik telah dengan mudah dicuri dalam satu tahun terakhir karena kurangnya immobilizer. Immobilizer adalah salah satu sistem antimaling yang terdapat pada kunci mobil menggunakan perantara gelombang radio sebagai identitas kunci pada mobil.Baca juga Hyundai Mulai Hentikan Penjualan Mobil Bensin di Pembaruan perangkat lunak bekerja dengan cara yang sederhana. Saat pintu dikunci dengan key fob, fitur ignition kill diaktifkan. Artinya, selama mobil dikunci dengan fob, mobil tidak dapat dicuri dengan sesuatu yang sederhana seperti kabel USB.Kia telah menyelesaikan pengembangan perangkat lunak keamanan yang ditingkatkan untuk membatasi pengoperasian sistem pengapian kendaraan yang tidak sah pada model tertentu yang tidak dilengkapi dengan immobilizer, demikian keterangan pabrikan asal Korea Selatan itu dikutip dari laman The Drive.",positive
6519f29aca55f77d065e705a,2/15/2023 18:14,7180,Marjun29,twitter,n/a,WulingMotorsID . Wind Wuling Indonesian Command . IoV Wuling Remote Control App Airev Semoga bisa beruntung BSAdon paladink DPS httpst.copZocqvsLu,positive
6559bd747be0446d93cd2d3f,2/15/2023 16:35,1352,Besyasfenss,twitter,n/a,"WulingMotorsID keren banget, apalagi fitur WIND, Wuling Air EV bisa mengkomando menggunakan suara untuk menaik turunkan musik, kaca, radio, AC, hingga menerima telepon yang ditampilkan di head unit , inci",positive
6559bd747be0446d93cd2d89,2/15/2023 16:36,1352,Besyasfenss,twitter,n/a,WulingMotorsID mantap lah Wuling Air EV mobil listrik bisa jadi alternatif ramah lingkungan ya,positive
6559bd747be0446d93cd2d0d,2/15/2023 16:38,1352,bimo laksono,twitter,male,"WulingMotorsID Mantap sih ini baterai Wuling Air ev dari hingga persen, cukup dengan jam dengan listrik , kW.",positive
6558d6267be0446d932bd73e,2/16/2023 0:15,9479,Lana,twitter,male,Ya alloh pengen daihatsu sirion,positive
63f2bbe371027138bca924e5,2/16/2023 1:20,7820,rezatoyotabali,instagram,n/a, REZA TOYOTA BALI Terima kasih Pak Surata dan Keluarga sudah beli TOYOTA VELOZ Q CVT WHITE dengan rezatoyotabali . Semoga mobil barunya membawa banyak Rezeki ya..Konsultasikan Kebutuhan Toyota Anda Klik Link Bio Reza Dealer Toyota Bali  Diskon Besar Pembelian Mobil Baru Pasang BaruPerpanjang Asuransi Tukar Tambah Segala Merk Kendaraan______________________   Reza Toyota Bali  Klik Link WEB..httpswww.rezatoyotabali.comhttpswww.rezatoyotabali.com..infotoyotabali toyota auto toyotadenpasar ResolusiSpartansSpartansJuaraLagiOneTeamOnePurpose toyota,positive
640aaf4307c033a03878a26f,2/12/2023 1:49,7905,mya mya~??,twitter,n/a,"aaa jd inget wkt lagi pejalanan pulsek tiba bapak mulai percakapanbpk itu yg di depan mobil listrik loh,bpk gw tau klo gw suka bgt ama mobil listrik, wkt itu yg ditunjuk merk Hyundai Ioniq , trus w disuruh cari di gugel harganya. convo begituan aj w dah seneng sumpah loh httpst.coambDGeMK",positive
640ac32407c033a038e32fe2,2/12/2023 2:06,7906,kezaberkahberlian,instagram,n/a,Alhamdulillah hari ini kirim konsumen langsung. Selamat bergabung di keluarga Hyundai pak Benny dan pak Lando. HyundaiGowaPramukaHyundaiMobilIndonesiaHyundaiStargazer hyundaistargazer,positive
640ac9f707c033a0380725e4,2/11/2023 16:07,7906,hyundaicirebon78,instagram,n/a,"Alhamdulillah,terimakasih buat keluarga besar bu NIA telah percaya ke HYUNDAI STARGAZERSemoga sehat selalu lancar terus rejeki nya More info  STARGAZER CRETA cretaindonesia santafe ioniq ioniqelectric ioniqindonesia PALISADE palisade STARIA staria hyundaicirebon stargazer",positive
640ac9f707c033a0380725bf,2/11/2023 16:04,7906,hyundaicirebon78,instagram,n/a,"Alhamdulillah,terimakasih buat keluarga besar ci NITA telah percaya ke HYUNDAI STARGAZER Semoga sehat selalu lancar terus rejeki nya More info  STARGAZER CRETA cretaindonesia santafe ioniq ioniqelectric ioniqindonesia PALISADE palisade STARIA staria hyundaicirebon stargazer",positive
640ac9f707c033a03807256b,2/11/2023 15:53,7906,hyundaicirebon78,instagram,n/a,"Alhamdulillah,terimakasih buat keluarga besar pak aris telah percaya ke HYUNDAI CRETA sebagai kado ulang tahun istri Semoga sehat selalu lancar terus rejeki nya More info  STARGAZER CRETA cretaindonesia santafe ioniq ioniqelectric ioniqindonesia PALISADE palisade STARIA staria hyundaicirebon stargazer",positive
640ac9f707c033a0380725f9,2/11/2023 15:55,7906,hyundaicirebon78,instagram,n/a,"Alhamdulillah,terimakasih buat keluarga besar pak DAMAR telah percaya ke HYUNDAI CRETA sebagai kado ulang tahun istri Semoga sehat selalu lancar terus rejeki nya More info  STARGAZER CRETA cretaindonesia santafe ioniq ioniqelectric ioniqindonesia PALISADE palisade STARIA staria hyundaicirebon stargazer",positive
640ac9f707c033a0380725e7,2/11/2023 15:59,7906,hyundaicirebon78,instagram,n/a,"Alhamdulillah,terimakasih buat keluarga besar pak ERFIN telah percaya ke HYUNDAI STARGAZER sebagai mobil sehari hari nyaSemoga sehat selalu lancar terus rejeki nya More info  STARGAZER CRETA cretaindonesia santafe ioniq ioniqelectric ioniqindonesia PALISADE palisade STARIA staria hyundaicirebon stargazer",positive
640ac9f707c033a03807254c,2/11/2023 16:02,7906,hyundaicirebon78,instagram,n/a,"Alhamdulillah,terimakasih buat keluarga besar pak HESTU telah percaya ke HYUNDAI CRETA Semoga sehat selalu lancar terus rejeki nya More info  STARGAZER CRETA cretaindonesia santafe ioniq ioniqelectric ioniqindonesia PALISADE palisade STARIA staria hyundaicirebon stargazer",positive
63f5a4c971027138bc64afab,2/15/2023 22:33,7840,hasbul_keyman,instagram,male,"Alhamdulillah. .done buat balik kunci motor hilang HONDA WAVE. kes kunci hilang entah kemana. . jenuh owner cari merata tapi tak ada juga. .mujur ada motor kedua, dapatlah owner guna buat pergi kerja. .hari dapat balik awal ..bolehlah owner Roger abam untuk buatkan kunci motor nie. .nie abam da siapkan batang kunci baru jaga baik nah.. syukur selesai .www.wasap.mywww.wasap.my.httpswww.facebook.comhasbulkeymanhttpswww.facebook.comhasbulkeyman.tukangkunciselangor tukangkuncikajang masalahkuncikeretahilang kuncimotorhilang masalahkunciimmobilizer kuncikeretahilang kuncimotorhilang Duplicatekey locksmithselangorDuplicateflipkey flipkey proton myvi toyota honda kuncilorihilang kuncimotorhilang servicedatangrumah melayu BMF locksmithselangor tukangkuncikualalumpur locksmithkualalumpur runnerkunci petisurat kuncikedaihilang opendoorservice tukangkuncimelayu duplicatekeycarservice toyota",positive
63f2693371027138bc85ef61,2/15/2023 16:10,7818,hasbul_keyman,instagram,male,Alhamdulillah. .done buat balik kunci motor hilang YAMAHA RXZ. .kes kunci hilang time owner pergi cari part motor nie. .sekali balik nak test semua ya. .eh kunci tak ada dengan geng yang dia . .aduh jem Pala owner dok pikir macam mana kunci boleh terkeluar dari ring kunci Tu. . seminggu Dua juga owner monung tengok motor nie. .bila owner dapat tahu abam boleh buat model nie. .terus owner Roger abam untuk buatkan kunci motor nie..sekarang dah ada batang kunci baru jaga baik nah. . syukur selesai .www.wasap.mywww.wasap.my.httpswww.facebook.comhasbulkeymanhttpswww.facebook.comhasbulkeyman.tukangkunciselangor tukangkuncikajang masalahkuncikeretahilang kuncimotorhilang masalahkunciimmobilizer kuncikeretahilang kuncimotorhilang Duplicatekey locksmithselangorDuplicateflipkey flipkey proton myvi toyota honda kuncilorihilang kuncimotorhilang servicedatangrumah melayu BMF locksmithselangor tukangkuncikualalumpur locksmithkualalumpur runnerkunci petisurat kuncikedaihilang opendoorservice tukangkuncimelayu duplicatekeycarservice toyota,positive
63f5a5f971027138bc6a4d0b,2/15/2023 16:10,7840,hasbul_keyman,instagram,male,Alhamdulillah. .done buat balik kunci motor hilang YAMAHA RXZ. .kes kunci hilang time owner pergi cari part motor nie. .sekali balik nak test semua ya. .eh kunci tak ada dengan geng yang dia . .aduh jem Pala owner dok pikir macam mana kunci boleh terkeluar dari ring kunci Tu. . seminggu Dua juga owner monung tengok motor nie. .bila owner dapat tahu abam boleh buat model nie. .terus owner Roger abam untuk buatkan kunci motor nie..sekarang dah ada batang kunci baru jaga baik nah. . syukur selesai .www.wasap.mywww.wasap.my.httpswww.facebook.comhasbulkeymanhttpswww.facebook.comhasbulkeyman.tukangkunciselangor tukangkuncikajang masalahkuncikeretahilang kuncimotorhilang masalahkunciimmobilizer kuncikeretahilang kuncimotorhilang Duplicatekey locksmithselangorDuplicateflipkey flipkey proton myvi toyota honda kuncilorihilang kuncimotorhilang servicedatangrumah melayu BMF locksmithselangor tukangkuncikualalumpur locksmithkualalumpur runnerkunci petisurat kuncikedaihilang opendoorservice tukangkuncimelayu duplicatekeycarservice toyota,positive
6558e9b27be0446d938af5fc,2/16/2023 3:30,8790,Saluran TV1,twitter,n/a,"Bersama Jose Pabli Cantillo melihat kecanggihan dan teknologi pembuatan SD Skydrive di Toyota City, Japan, dan Quadrofoil watercraft di Slovenska Bistrica, Slovenia dalam TechToys Ep. pukul . malam ini di TV httpst.coNJHRtoOOt RTMKlik httpst.coqebwXQjwK",neutral
6515662fca55f77d0638fca2,2/15/2023 14:25,9306,CUSTOM FURNITURE & INTERIOR?,instagram,n/a,Bersedia untuk kebangkitan BEASTS baru akan dikeluarkan tidak lama lagi.Buatlah pilihan BIJAK dalam membeli kereta idaman dan jugak penasihat kereta anda..WhatsApp FiePenjualKereta sekarang BOOKED NOW httpswa.memessageYFTCQSUUAWDKAhttpswa.memessageYFTCQSUUAWDKAhttpswa.memessageYFTCQSUUAWDKAfietoyota toyota toyotamalaysia salesmantoyota salesman salesmantoyotaperlis salesmantoyotautara toyotaMY toyotayaris toyotavios toyotaKLCorollaCrossHybrid ToyotaMY toyotacamry toyotafortuner toyotaherrier toyotavelfire toyotaveloz corollacrosshybrid,neutral
640ab01107c033a0387da63a,2/15/2023 18:37,7905,Kenny Gautama,instagram,male,Bintang baru keluarga Hyundai STARGAZER siap menemani aktifitas Info pemesananKenny GautamaHyundai Soetta PalembangJl.Soekarno Hatta No.hyundaimajumotor hyundaimajumotorgroup hyundaimajumotorpalembang hyundaicreta hyundaisantafe hyundaistaria hyundaipalisade hyundaiioniq hyundaistargazer hyundaimotorindonesia hyundaimotormanufacturingindonesia hyundaimotor hyundaisoettapalembang bintangbarukeluarga hyundaimotorindonesia,neutral
640ac1f607c033a038ddd5a0,2/15/2023 18:33,7906,promomobilhondajakarta.id,instagram,n/a,"Dapatkan Penawaran Khusus Pembelian Mobil Hyundai DP minim Bunga Program Cuti bayar selama th Bonus Aksesories Pilihan Proses Cepat dan Mudah Data di Bantu Sampai Approve Melayani Pembelian Mobil Hyundai di Seluruh Indonesia dalam dan luar kota_________________________ Rekening Kantor PT.Hyundai Mobil IndonesiaBca ..Bca KCU Arteri Pondok Indah_________________________ Konsultasikan rencana pembelian Mobil Hyundai nya dengan Sales Consultant terpercaya, dan dapatkan Promo terbaik hanya di sini _________________________ PT.Hyundai Mobil Indonesia SimprugJl.Teuku Nyak Arief No. RT.RW., Grogol Utara, Kby.Lama, Jakarta Selatan Info Pemesanan Hubungi Iqbal Hyundaiwa.me....hyundai creta stargazer palisade ioniq kona santafe hyundaicreta hyundaistargazer hyundaipalisade hyundaiioniq hyundaikona hyundaisantafe hyundaijakarta hyundaijakartaselatan hyundaiindonesia mobil mobilbaru salesmobil salesmobilhyundai stargazer",neutral
640aaf1e07c033a03877bbc6,2/15/2023 23:45,7905,hyundai andalanjakarta,twitter,n/a,Faidull ridwanhr Halo kak minat mobil hyundai,neutral
6559bd6e7be0446d93ccff17,2/16/2023 3:50,1352,pan,twitter,male,FWBESS Wuling air ev kalo dipake di kota kota ngechargenya seminggu berapa kali deh Wkwk,neutral
640ac1f607c033a038ddd5b1,2/15/2023 19:16,7906,raynata_21,instagram,n/a,"Hallo Hyundai LoversDi bulan penuh cinta ini saatnya tunjukan kasih sayang kamu untuk yang tersayangMenyambut bulan penuh cinta ini Hyundai Internusa memberikan Promo Spesial.BUNGA DP RINGAN TENOR hingga tahunCicilan Mulai JutaanTrade In Benefit Hingga JutaHadiah Langsung untuk Konsumen Tersayang Smart TV in Air Purifier EMoney Voucher Belanja Voucher AksesorisMASIH BANYAK BENEFIT LAINNYAJANGAN SAMPAI TERLEWATKAN, AMBIL PROMO INI SEKARANGSyarat Ketentuan Berlaku.Jangan lupa like, save dan share promo ini yaInfo Promo Hubungi kami  Raynatahyundai hyundaiinternusa hyundaikarawang hyundaipurwakarta hyundaicianjur promohyundai pilihhyundaiinternusa hyundaicintakamu promoakhirtahun promomobil hyundaicreta hyundaipalisade hyundaiioniq hyundaisantafe hyundaistargazer hyundaistaria promovalentine promoawaltahun hyundaistargazer",neutral
640ac99207c033a0380555fd,2/15/2023 19:29,7906,engravercarmat,instagram,n/a,Hallow sobat Engraver Cari produk original yang sudah terjamin kualitasnya dan produk habis diborong jutaan orang Kunjungi toko kami httpsshp.eeefucbhs Pesan Dan Hubungi Kami WhatsApp Call Shopee EngraverTokopedia EngraverLazada Engraver MatTiktok EngraverMathyundaiindonesia stargazer hondaindonesia toyotaindonesia jakartavseverybody aksesorismobil otomotif karpetmobil karpetmotor suzukiindonesia stargazer,neutral
640ac99207c033a0380555f9,2/15/2023 22:37,7906,hyundaimajumotor,instagram,n/a,Halo Sahabat Hyundai. Sudah tahukah Anda Fitur Automatic Temperatur Control pada mobil Hyundai Informasi test drive dan lainnya Hubungi WA  Telp  hyundaimajumotor.idHyundaiCreta CRETA Hyundai STARGAZER BintangnyaKeluarga BintangBaruKeluarga HyundaiIndonesia ForARemarkableLifeTheallnewPALISADE HyundaiIndonesia HyundaiPalembang HyundaiSumsel HyundaMajuMotor HyundaiSantaFE HyundaiKona HyundaiIONIQ Hyundai HyundaiIndonesia CRETA DrivingMeaningfulInnovation otomotif otomotifindonesia promopalembang style palembangterkini bintangbarukeluarga,neutral
655336ecca55f77d0651ec14,2/15/2023 17:28,9534,nindy_suzukiciledug,instagram,female,"Halo sobat Suzuki. .Edisi ngabisin stok nih, suzuki carry pick up nya DP bisa jutaan aja, untung sampai puluhan juta rupiah. Segera BOOKING SEKARANG banyak hadiah nya Untuk info lebih lanjut bisa hubNindy suzuki suzukicarry suzukixl_id suzukijimny suzukiswiftsport suzukijabodetabek suzukiswiftsport",neutral
65533e80ca55f77d06a05187,2/15/2023 17:16,9457,suzuki.lampung,instagram,n/a,"Halo Suzuki Family Hayo Siapa yang disini masih bingung mau Body Repair yang terpecaya dan bisa All Merk Promo Body Repair hanya di Suzuki Persada Lampung Raya Untuk kamu yang mau body repair mobil kesayangan kamu semakin kece dan oke,Jadi tunggu apalagi Yuk Segera Kunjungi Suzuki Persada Lampung Raya Didaerah kamu ya suzuki suzukiindonesia suzukipersadalampungraya suzukimakinbooming suzukikeren suzukilampung yourgear bodyrepair servicelampung authorizedpersada suzukiindonesia",neutral
6558cb1b7be0446d93f23bd1,2/16/2023 3:21,9462,Official Suzuki Indonesia,twitter,n/a,Hi Suzuki Family Ikutin keseruan road trip bareng Suzuki XL yukSuzuki SuzukiIndonesia SuzukiTeManBerkendara YourGear httpst.cooCbMFAs,neutral
640b043a07c033a03878faa4,2/15/2023 16:17,7905,CNBCindonesia,news,,"Jakarta, CNBC Indonesia Pertarungan kendaraan di pasar otomotif Indonesia bakal sengit. Hal ini terlihat dari banyaknya agen pemegang merek APM yang bakal menampilkan deretan mobil baru di ajang Indonesia International Motor Show IIMS yang akan digelar mulai besok di JIExpo Kemayoran, Jakarta.Beberapa APM sudah tidak malumalu mengungkap mobil yang bakal rilis meski sebagian lainnya lebih memilih untuk sekedar memberi bocoran atau kisikisi saja.Berikut mobil yang bakal rilis di IIMS Suzuki menebar gambar teaser dari SUV baru yang diduga Suzuki Grand Vitara sejak akhir Januari. Teaser itu memiliki tagline The Exellent Revival yang memberikan kode bahwa Grand Vitara akan lahir kembali di Indonesia.Rising of the legend Our legend will be coming away with the excellent revival. Stay tuned. .., tulis Suzuki di saluran media sosialnya.Jika mengacu tanggal tercantum di unggahan itu, besar kemungkinan bakal ada mobil baru dari Suzuki di IIMS .Suzuki Grand Vitara terbaru sudah meluncur lebih dulu di India tahun lalu. Maruti Suzuki India juga sudah mengumumkan akan mengirim mobil ini ke negara di dunia, salah satunya di kawasan ASEAN.Brand asal Jepang yang kini berada di bawah PT Plaza Auto Mega Subaru Indonesia akan menghadirkan produk baru di ajang IIMS . Pada situs resmi Subaru Indonesia juga terdapat gambar yang sama dengan tulisan World Rally Xperimental, yang jika disingkat menjadi WRX.Di pasar global, mobil ini sudah rilis pada November yakni di Jepang. Setahun berselang yakni mobil ini rilis di Amerika Serikat. Meski demikian, mobil ini belum juga meluncur di Indonesia.Pabrikan asal China Chery sudah mengumumkan bakal merilis Omoda . OMODA sebelumnya sudah beberapa kali hadir di pameran otomotif yang diikuti oleh Chery selama tahun , namun unit tersebut merupakan unit setir kiri. Kini OMODA yang akan hadir pada IIMS merupakan unit setir kanan yang sudah siap untuk dipasarkan di Indonesia.Pada IIMS nanti, bisa menjadi kesempatan besar bagi para pecinta otomotif yang sudah penasaran dengan OMODA karena mereka bisa melakukan test drive dan merasakan langsung kecanggihannya, kata Executive Vice President PT Chery Sales Indonesia Zhang Wei dalam keterangan resmi.Omoda merupakan SUV lima penumpang yang memiliki panjang . mm, lebar . mm, tinggi . mm, dan jarak sumbu roda . mm. Mesinnya terdiri dari dua varian, yakni . cc TGDI dengan tenaga hp dan torsi Nm, serta . cc TCI dengan tenaga hp dan torsi Nm.Merek China lainnya yakni DFSK pun sudah memberi kisikisi bakal merilis dua mobil baru di ajang IIMS .Ada dua spesial display yang pertama kali hadir di Indonesia. Keduanya adalah battery electric vehicle, satunya kompak SUV lima penumpang dan satunya komersial pikap listrik pertama di Indonesia, ungkap Marketing Head PT Sokonindo Automobile Ahmad Rofiqi pekan lalu.Dari siluet yang ada, pikap listrik yang dimaksud kemungkinan DFSK EC. Memiliki baterai baterai lithium iron phosphate LFP berkapasitas , kWh, pikap listrik ini mampu menempuh jarak hingga km.Adapun pabrikan China lainnya yakni MG juga bakal merilis mobil baru. Meski tidak secara gamblang mengungkapkan penampilan MG nanti, dalam gambar teaser dan fasia depan yang tersingkap, mobil itu identik dengan MG EV.Dalam laman resminya, mobil ini menggunakan teknologi Rubiks Cube yaitu arsitektur motor penggerak, yang disambungkan ke roda belakang alias rear wheel drive.Wuling bakal menampilkan sebuah mobil SUV, diduga mobil ini adalah Wuling Alvez. Hal itu terungkap pada konferensi pers IIMS lalu.Kami sampaikan di konferensi pers Wuling Februari nanti, sebagai penutup kami akan reveal something spesial di IIMS , kata Brian Gomgom, Public Relation Manager Wuling Motors.Adapun Wuling telah mendaftarkan Wuling Alvez pada situs Pangkalan Data Kekayaan Intelektual atau PDKI Kementerian Hukum dan HAM. Mobil tersebut terdaftar sebagai produk kendaraan dengan nomor permohonan DID.Hyundai Indonesia resmi mengumumkan bakal merilis mobil baru di ajang Indonesia International Motor Show IIMS , yakni Hyundai Creta Dynamic Black Edition.Berdasarkan surat undangan yang diterima CNBC Indonesia, peluncuran ini bakal berlangsung pada Kamis, Februari di Booth Hyundai HallBooth D, JIEXPO Kemayoran.PT Hyundai Motors Indonesia mengundang rekanrekan media untuk menjadi saksi dari peluncuran Hyundai Creta Dynamic Black Edition. Kegiatan tersebut akan diselenggarakan pada perhelatan IIMS , tulis Hyundai di undangan resminyaUndangan resmi tersebut seperti menjawab siluet yang sudah dikeluarkan Hyundai kemarin, Senin . Melalui unggahan di Instagram, Hyundai menampilkan teaser berupa siluet mobil dengan tiga titik LED, yang merupakan identitas Hyundai Creta.Sebelumnya Creta dibalut kelir serba hitam sudah lebih dulu meluncur di India menggunakan nama varian Knight Edition.",neutral
640b043a07c033a03878fa94,2/15/2023 19:18,7905,KOMPAS.com,news,,"JAKARTA, KOMPAS.com Menjelang ajang pameran otomotif Indonesia International Auto Show IIMS, berbagai produsen otomotif yang ikut serta dalam gelaran tersebut mulai membuka teaser produk baru yang akan ditampilkan.Salah satunya adalah PT Mitsubishi Motors Krama Yudha Sales Indonesia MMKSI yang turut memamerkan produk baru di Tanah Air.Melalui akun Instagram resmi mitsubishimotorsid, Selasa , pabrikan berlambang tiga berlian itu mengunggah postingan jajaran line up kendaraan Mitsubishi dengan satu unit mobil yang ditutupi kain hitam.Baca juga Catat, Ada Dampak Negatif Kalau Terlalu Sering Gurah Mesin MobilBAKAL ADA YANG BARU DI IIMS Mitsubishi Family, kali ini akan ada kehadiran TemanSejalan spesial dari MitsubishiMotors lho di IIMS JIExpo Kemayoran Februari Udah bisa tebak dong apa, tulis postingan tersebut.Dapat dipastikan mobil tersebut adalah kendaraan konsep terbaru dari Mitsubishi di kelas SUV ringkas bernama Mitsubishi XFC Concept. Mobil ini pertama kali diperkenalkan pada Vietnam Motor Show , Oktober lalu. Model ini bakal jadi cikal bakal pesaing baru Honda HRV, Hyundai Creta, dan rival sekelasnya.Sebelumnya Deputy Group Head Planning Communication PT MMKSI Intan Vidiasari memastikan pihaknya bakal membawa mobil konsep ini untuk dipamerkan di Tanah Air pada awal .Akan dipamerkan di awal di Indonesia, di salah satu pameran otomotif besar, ucap Intan.Baca juga Pilihan City Car Bekas di Bawah Rp Juta, Ada Ayla sampai Mercy AClassSedikit tentang Mitsubishi XFC Concept, mobil ini kabarnya dibangun dengan basis multi purpose vehicle MPV crossover Xpander. Mobil tersebut dinilai memiliki basis yang mumpuni untuk dijadikan SUV.Adapun untuk pemain di segmen SUV ringkas saat ini cukup ramai. Pilihannya sangat beragam, mulai dari Daihatsu Rocky dan Terios, Toyota Raize dan Rush, Hyundai Creta, Honda HRV, Kia Sonet dan DFSK Glory .",neutral
640b043a07c033a03878fa39,2/16/2023 1:05,7905,KOMPAS.com,news,,"JAKARTA, KOMPAS.com Pameran Indonesia International Motor Show IIMS tengah bersiap untuk resmi dibuka besok, Rabu .Pameran otomotif tahunan ini akan berlangsung selama Februari di JIExpo Kemayoran, Jakarta Pusat.Sama seperti tahun sebelumnya, dalam acara ini tidak hanya memamerkan berbagai merek mobil dan motor saja. Pengunjung juga bisa merasakan langsung mengendarai mobil pada area test drive yang telah disiapkan oleh panitia IIMS .Baca juga Bocoran Mobil Baru yang Meluncur di IIMS Berdasarkan pantauan tim Kompas.com, Selasa pada area test drive IIMS telah ada beberapa merek mobil yang memasukan unit untuk bisa dijajal pengunjung.Beberapa mobil yang sudah siap yakni Hyundai dengan Stargazer, Palisade, Creta dan Ioniq .Kemudian ada Chery Amoda , Chery Tiggo Pro, Chery Tiggo Pro.Sementara itu, dari keluarga Suzuki ada SPresso, XL, Ertiga dan Baleno. Lalu Toyota memboyong Kijang Innova Zenix yang masih ditutupi oleh sarung mobil.Dari Mitsubishi, mobil yang telah tersedia di area test drive ada Xpander dan Pajero Sport.Sementara itu, Subaru, Prestige, Jeep, Wuling, Morris Garage, DFSK, Esemka, Audi, Citroen, Kia, Nissan dan Volkswagen belum memasukan unit mobil andalannya untuk di area test drive.Adapun pada area test telah tersedia dua unit charging station untuk digunakan oleh mobil listrik yang akan dijajal oleh pengunjung.",neutral
65199ce2ca55f77d06c1697a,2/15/2023 17:37,9314,Jaehyun.,twitter,n/a,krimsooya aamiin makasih mamah kadonya jangan lupa. mau tesla,neutral
6558e64b7be0446d937afa98,2/15/2023 7:15,9457,Sonoko Suzuki,twitter,n/a,Kumohon.. pinjam kekuatanmu... Makotooo Sonoko Suzuki,neutral
640ac1f607c033a038ddd658,2/15/2023 18:47,7906,sora_hyundai,instagram,male,"Lagi cari mobil buat rayain Valentine bareng org tersayang Yukk pilih Hyundai Stargazer Dapatkan Promo Hyundai Stargazer di Sora dengan DP JUTA atau Angsuran Mulai JUTA  DP Minim  Smart Deal Bunga sd th Angsuran Ringan Kredit Tenor sd thYuk tentukan Hyundai pilihan anda, pilih Hyundai favorite pastikan keluarga aman dan nyaman bersama HyundaiDapatkan keuntungan pembelian di Sora Benefit After Sales Hyundai STARGEZER FREE Jasa Service th .km FREE Sparepart Garansi Mesin th .km Program buy back Tahun ke  .kmFREE Karpet Set Kaca Film Smith   Tools Kit Segitiga Pengaman Alat Pemadam Ringan Plat JS  bulan Cover Plat NomorSegera reservasi test drive. Hubungi  SORA HYUNDAI JEMUR ANDAYANIJI. Kutisari No. Surabayahyundai stargazer hyundaisurabaya stargazersurabaya hyundaistargazer hyundaisurabaya valentine valentineday hyundaiindonesia hyundaiindonesiacommunity hyundaimalang hyundai stargazer",neutral
640aaf1e07c033a03877bbba,2/15/2023 22:59,7905,VivaCoid,twitter,n/a,"Meluncur Besok di IIMS , Ini Penampakan Wuling Alves Sebagai Pesaing Hyundai Creta httpst.coTjOxFozxF Ramadan httpst.codlezziJP",neutral
65539abbca55f77d063f8b77,2/16/2023 0:54,9457,Suzuki marine manado,instagram,male,"Mesin kapal tempel Suzuki portabel ini sangat ringan dan memiliki sistem injeksi bahan bakar pertama di duniaSuzuki juga menjadi mesin injeksi bahan bakar elektrik pertama tanpa menggunakan baterai, yang memiliki kekuatan dan efisiensi bahan bakar yang terbaikSuzuki Marine ManadoJl. Agustus No.Teling Atas, Manado suzukitemanberkendara",neutral
63edc30971027138bcd6438e,2/16/2023 4:27,3676,,news,,Astra Isuzu Palembang hadirkan promo menarik bagi konsumen yang akan membeli unit baru khususnya mobil komersil karena akan mendapatkan gratis,neutral
63f2b68571027138bc974755,2/15/2023 20:28,7818,Tribun Jatim,news,,"Auto memiliki program tradein tukar tambah untuk bisa dimanfaatkan AutoFamily.Tentunya, layanan ini akan membuat urusan Toyota menjadi lebih mudah di Auto, khususnya bagi yang ingin memiliki All New Astra Toyota Agya terbaru, ujar Aftersales Business Division Head Auto, Nur Imansyah Tara. Rabu .Dalam melakukan trade in ini sendiri caranya pun tak sulit.Kata Tara, AutoFamily bisa datang langsung ke dealer Auto, atau melalui Auto.co.id Digiroom, di mana sudah tersedia menu khusus untuk melayani pembelian trade in.Jadi buat yang penasaran, bisa langsung segera kunjungi cabang Auto terdekat untuk informasi yang lebih detail dan dapatkan promo khususnya, pungkasnya.",neutral
63ed791071027138bca696fe,2/16/2023 2:22,410,,blogs,,"Baca Juga Mengenal Cara Kerja Mesin Motor Tempel Suzuki. Jika sistem pendingin tidak berfungsi dengan baik, mesin dapat overheat dan menyebabkan",neutral
6515662fca55f77d0638fc15,2/11/2023 17:21,9306,papa.jual.toyota,instagram,n/a,"Beli Tunai, ACC aja, ada free persen, plus free asuransi, dan gift dari acc.. Yukss merapatt... promosuzuki velozgr toyotacamry promokia promodaihatsu promoagya promoyaris rushgr fortunergr corollacrosshybrid toyotacalya promoignis toyotahiace toyotarush toyotayaris toyotavoxy toyotasienta toyotaveloz toyotarush lc landcruiser mitsubishixpander toyotafortuner toyotaalphard toyotaaltis toyotaraize promofortuner allnewveloz allnewavanza corollacrosshybrid",neutral
63f5921071027138bc197f82,2/15/2023 16:03,7840,kumparan,twitter,n/a,"Berita populer kumparanOTO, Selasa asuransi mobil tanggung kerusakan ditabrak satwa, peluang All New Toyota Agya Hybrid, All New Toyota Agya baru perkenalan belum dijual. kumparanOTO httpst.cofmpezTcf",neutral
63f5a5f971027138bc6a4ca0,2/15/2023 16:57,7840,nizam_toyota_tgm,instagram,male,Bersedia untuk kebangkitan kerana barisan binatang baru akan dikeluarkan tidak lama lagi. sebarang pertanyaan boleh hubungi httpswa.me httpswa.me httpswa.meterms and conditions apply.ToyotaMY ToyotaMalaysia Toyota ToyotaTanjungMalim toyota,neutral
65197a8bca55f77d06164d46,2/11/2023 22:45,9307,Ruang Redaksi,twitter,n/a,Biaya kepemilikan Nissan Kicks ePower selama . km atau dengan rentang pemakaian tahun sekitar Rp ... httpst.cojujYohmxJf Hitung Biaya Kepemilikan Nissan Kicks ePower sampai . Km Biaya kepemilikan Nissan Kicks ePower selama . km atau dengan rentang pemakaian tahun sekitar Rp ...,neutral
640ac32407c033a038e32f04,2/11/2023 23:08,7906,hyundaicipondohofficial,instagram,n/a,Bingung mau punya mobil tapi DPnya kemahalan Tenang di Hyundai Cipondoh hanya dengan DP Jt sudah bisa bawa pulang Hyundai CRETA dan DP Jtuntuk bisa bwa pulang Hyundai STARGAZERYukkk tunggu apalagi buruan booking sekarang More info   hyundaicreta hyundaistargazer hyundaijakarta hyundaitangerang hyundaipalisade hyundaijabodetabekHyundaiCipondohtangerangHyundaiCipondohHyundai HyundaiIndonesia HyundaiSinarInti STARGAZER HyundaiSTARGAZER STARGAZERIndonesia HyundaSTARGAZERIndonesiakomunitasmobil komunitashyundai komunitasotomotif otomotifmobil otomotifweekly otomotifzone otomotif carsofinsta ingethyundaiingethyundaihyundaimetlandmimosagrup mimosahyundai hyundaicipondoh hyundaicipondohofficial hyundaicipondoh stargazer,neutral
63f2bc4a71027138bcaae0ec,2/15/2023 19:59,7820,anggiwidiah,instagram,n/a,Bismillah dijual Kijang Innova V bensin Transmisi maticPajak .Plat LLokasi sby timur Price by chatWa  toyota kijanginnova innovasurabaya jualinnovasurabaya jualmobil jualmobilbekas jualbelimobil jualbelimobilbekas mobilbekassurabaya jualmobilsurabaya mobkas showroommobil showroommobilsurabaya jualbelimobilsurabaya jualbelimobilbekassurabaya jualbelimobilbekassidoarjo jualbelimobiljawatimur jualbelimobilbekasberkualitas jualbelimobilberkwalitas toyota,neutral
63f29af071027138bc33e8a9,2/15/2023 22:01,7819,mobil_murah_cirebon99,instagram,female,Bismillahirrahmanirrahim..FORSALECASH ONLY Mitsubishi kuda bensin deluxe Tahun An perorangan Transmisi manual Dokumen lengkap STNK BPKB Mesin dan kakikaki sehat Interior masih ori. jok bludru Kunci Head unit double din Ac jalan Tidak bekas insiden berat Banjir Bodi cat rapi Plat Z Ciamis pajak off  plat cpLUQMANWA . Showroomjalan taruna karang anyar Arjawinangun Cirebonig mobil_murah_cirebonHarga jt. nego mobil mobilbekas mobilbekasmurah mobilbekascirebon mobilseken mobilmurah mobilcirebon toyota daihatsu mitsubishi honda suzuki ford mazda hyundai vw wuling audi bmw mercedes avanza xenia veloz kijang innova brio jazz ertiga xpander stargazer toyota,neutral
